firstname,lastname,email
Daune,Jammal,Daune.Jammal@gmail.com
Maurene,Plato,Maurene.Plato@gmail.com
Jolyn,Elvyn,Jolyn.Elvyn@gmail.com
Darlleen,Zenas,Darlleen.Zenas@gmail.com
Winifred,Hunfredo,Winifred.Hunfredo@gmail.com
Tomasina,Fleeta,Tomasina.Fleeta@gmail.com
Eolanda,Izaak,Eolanda.Izaak@gmail.com
Corene,Kathie,Corene.Kathie@gmail.com
Tarra,Lipson,Tarra.Lipson@gmail.com
Aurore,Rooney,Aurore.Rooney@gmail.com
Angela,Hutchison,Angela.Hutchison@gmail.com
Georgina,Lilas,Georgina.Lilas@gmail.com
Gretal,Cavan,Gretal.Cavan@gmail.com
Ekaterina,Primalia,Ekaterina.Primalia@gmail.com
Viviene,Pandolfi,Viviene.Pandolfi@gmail.com
Orelia,Juliet,Orelia.Juliet@gmail.com
Magdalena,Audly,Magdalena.Audly@gmail.com
Kylynn,Jillane,Kylynn.Jillane@gmail.com
Myrtice,Margarete,Myrtice.Margarete@gmail.com
Kassey,Cleo,Kassey.Cleo@gmail.com
Dania,Constancy,Dania.Constancy@gmail.com
Phedra,Goth,Phedra.Goth@gmail.com
Jerry,Lacombe,Jerry.Lacombe@gmail.com
Ronna,Hurley,Ronna.Hurley@gmail.com
Sara-Ann,Roche,Sara-Ann.Roche@gmail.com
Clementine,Chauncey,Clementine.Chauncey@gmail.com
Emmey,Willie,Emmey.Willie@gmail.com
Wendi,Naor,Wendi.Naor@gmail.com
Gavrielle,Dunkin,Gavrielle.Dunkin@gmail.com
Cyb,Dichy,Cyb.Dichy@gmail.com
Kylynn,Haldas,Kylynn.Haldas@gmail.com
Dianemarie,Vharat,Dianemarie.Vharat@gmail.com
Jan,Slifka,Jan.Slifka@gmail.com
Maud,Oscar,Maud.Oscar@gmail.com
Paulita,Clywd,Paulita.Clywd@gmail.com
Christian,Gerge,Christian.Gerge@gmail.com
Mary,Berne,Mary.Berne@gmail.com
Clo,Stelle,Clo.Stelle@gmail.com
Kirbee,Boycey,Kirbee.Boycey@gmail.com
Adore,Kinnard,Adore.Kinnard@gmail.com
Candi,Hortensia,Candi.Hortensia@gmail.com
Ana,Kevon,Ana.Kevon@gmail.com
Cecile,Lay,Cecile.Lay@gmail.com
Roxane,Ferino,Roxane.Ferino@gmail.com
Aili,Dulciana,Aili.Dulciana@gmail.com
Mady,Fairweather,Mady.Fairweather@gmail.com
Sybille,Crudden,Sybille.Crudden@gmail.com
Adelle,Kress,Adelle.Kress@gmail.com
Cissiee,Palocz,Cissiee.Palocz@gmail.com
Maisey,Anton,Maisey.Anton@gmail.com
Tiffie,Brotherson,Tiffie.Brotherson@gmail.com
Albertina,Buffum,Albertina.Buffum@gmail.com
Nelle,Natalia,Nelle.Natalia@gmail.com
Nariko,Monaco,Nariko.Monaco@gmail.com
Janeczka,McNully,Janeczka.McNully@gmail.com
Beverley,Sinegold,Beverley.Sinegold@gmail.com
Genovera,Schlosser,Genovera.Schlosser@gmail.com
Lesly,Travax,Lesly.Travax@gmail.com
Ginnie,Parsaye,Ginnie.Parsaye@gmail.com
Benita,Idelia,Benita.Idelia@gmail.com
Daryl,Roxanna,Daryl.Roxanna@gmail.com
Hermione,Saree,Hermione.Saree@gmail.com
Veda,Korey,Veda.Korey@gmail.com
Marguerite,Dorcy,Marguerite.Dorcy@gmail.com
Dianemarie,Pandolfi,Dianemarie.Pandolfi@gmail.com
Kittie,Martsen,Kittie.Martsen@gmail.com
Kristan,Dowski,Kristan.Dowski@gmail.com
Cassondra,Riordan,Cassondra.Riordan@gmail.com
Jacenta,Ries,Jacenta.Ries@gmail.com
Ericka,Simmonds,Ericka.Simmonds@gmail.com
Annabela,Mich,Annabela.Mich@gmail.com
Lacie,Hamil,Lacie.Hamil@gmail.com
Pierette,Pearse,Pierette.Pearse@gmail.com
Cherilyn,Noam,Cherilyn.Noam@gmail.com
Elie,Penelopa,Elie.Penelopa@gmail.com
Madalyn,Chandler,Madalyn.Chandler@gmail.com
Christian,Goth,Christian.Goth@gmail.com
Ilse,Wiener,Ilse.Wiener@gmail.com
Ardeen,Devlen,Ardeen.Devlen@gmail.com
Imojean,Chauncey,Imojean.Chauncey@gmail.com
Orelia,Hillel,Orelia.Hillel@gmail.com
Micheline,Ardra,Micheline.Ardra@gmail.com
Jemie,Peg,Jemie.Peg@gmail.com
Charissa,Dannye,Charissa.Dannye@gmail.com
Ekaterina,Alice,Ekaterina.Alice@gmail.com
Fanny,Frodi,Fanny.Frodi@gmail.com
Arabel,Cullin,Arabel.Cullin@gmail.com
Aaren,Chobot,Aaren.Chobot@gmail.com
Melodie,Dominy,Melodie.Dominy@gmail.com
Blinni,Shaver,Blinni.Shaver@gmail.com
Dominga,Freddi,Dominga.Freddi@gmail.com
Nita,Pierette,Nita.Pierette@gmail.com
Cassandra,Eugenia,Cassandra.Eugenia@gmail.com
Dari,Pelagias,Dari.Pelagias@gmail.com
Raina,Thema,Raina.Thema@gmail.com
Hildegaard,Lamoree,Hildegaard.Lamoree@gmail.com
Diena,Bobbee,Diena.Bobbee@gmail.com
Imojean,Ahab,Imojean.Ahab@gmail.com
Gaylene,Erb,Gaylene.Erb@gmail.com
Dawn,Liva,Dawn.Liva@gmail.com
Daphne,Couture,Daphne.Couture@gmail.com
Lanna,Bashemeth,Lanna.Bashemeth@gmail.com
Britni,Margret,Britni.Margret@gmail.com
Aurelie,Glovsky,Aurelie.Glovsky@gmail.com
Jemie,Bow,Jemie.Bow@gmail.com
Arlina,Irmine,Arlina.Irmine@gmail.com
Ardeen,Zetta,Ardeen.Zetta@gmail.com
Nannie,Rugen,Nannie.Rugen@gmail.com
Valeda,Abernon,Valeda.Abernon@gmail.com
Meg,Riva,Meg.Riva@gmail.com
Lila,Ferino,Lila.Ferino@gmail.com
Aryn,Seessel,Aryn.Seessel@gmail.com
Ekaterina,Gombach,Ekaterina.Gombach@gmail.com
Antonietta,Klotz,Antonietta.Klotz@gmail.com
Gilda,Jethro,Gilda.Jethro@gmail.com
Paola,Pandolfi,Paola.Pandolfi@gmail.com
Christian,Orelee,Christian.Orelee@gmail.com
Fredericka,Bashemeth,Fredericka.Bashemeth@gmail.com
Collen,Adrienne,Collen.Adrienne@gmail.com
Meghann,Damarra,Meghann.Damarra@gmail.com
Marguerite,Saint,Marguerite.Saint@gmail.com
Clementine,Septima,Clementine.Septima@gmail.com
Bobinette,Deegan,Bobinette.Deegan@gmail.com
Jordan,Alwin,Jordan.Alwin@gmail.com
Fredericka,Morehouse,Fredericka.Morehouse@gmail.com
Dorene,Lynn,Dorene.Lynn@gmail.com
Mahalia,Carlson,Mahalia.Carlson@gmail.com
Robinia,Leffen,Robinia.Leffen@gmail.com
Gavrielle,Roxanna,Gavrielle.Roxanna@gmail.com
Rani,LaRue,Rani.LaRue@gmail.com
Josephine,Klemperer,Josephine.Klemperer@gmail.com
Fanny,Sophronia,Fanny.Sophronia@gmail.com
Dulce,Rebecka,Dulce.Rebecka@gmail.com
Cam,Gemini,Cam.Gemini@gmail.com
Madeleine,Adlare,Madeleine.Adlare@gmail.com
Nonnah,Barbey,Nonnah.Barbey@gmail.com
Lilith,Orpah,Lilith.Orpah@gmail.com
Clarice,Garrison,Clarice.Garrison@gmail.com
Ninnetta,Tjon,Ninnetta.Tjon@gmail.com
Dorice,Dahlia,Dorice.Dahlia@gmail.com
Nikki,Vastah,Nikki.Vastah@gmail.com
Averyl,Margarete,Averyl.Margarete@gmail.com
Shirlee,Roxanna,Shirlee.Roxanna@gmail.com
Maurene,Wiener,Maurene.Wiener@gmail.com
Paule,McLaughlin,Paule.McLaughlin@gmail.com
Dorthy,Weaks,Dorthy.Weaks@gmail.com
Gianina,Sherrie,Gianina.Sherrie@gmail.com
Corene,O'Rourke,Corene.O'Rourke@gmail.com
Deane,Greenwald,Deane.Greenwald@gmail.com
Kalina,Eachern,Kalina.Eachern@gmail.com
Ariela,Uird,Ariela.Uird@gmail.com
Rhea,Vorster,Rhea.Vorster@gmail.com
Annecorinne,Jammal,Annecorinne.Jammal@gmail.com
Linet,Eliathas,Linet.Eliathas@gmail.com
Asia,Morehouse,Asia.Morehouse@gmail.com
Augustine,Nelsen,Augustine.Nelsen@gmail.com
Deloria,Jammal,Deloria.Jammal@gmail.com
Chloris,Fax,Chloris.Fax@gmail.com
Viki,Papageno,Viki.Papageno@gmail.com
Hallie,Sinegold,Hallie.Sinegold@gmail.com
Josephine,Hull,Josephine.Hull@gmail.com
Ida,Eno,Ida.Eno@gmail.com
Augustine,Ludewig,Augustine.Ludewig@gmail.com
Noelle,Carolin,Noelle.Carolin@gmail.com
Dulce,Hoenack,Dulce.Hoenack@gmail.com
Aryn,Kauppi,Aryn.Kauppi@gmail.com
Talya,Papageno,Talya.Papageno@gmail.com
Tori,Lutero,Tori.Lutero@gmail.com
Jere,Bonucci,Jere.Bonucci@gmail.com
Angela,Pacorro,Angela.Pacorro@gmail.com
Dawn,Shaver,Dawn.Shaver@gmail.com
Elora,Wallis,Elora.Wallis@gmail.com
Sarette,LaRue,Sarette.LaRue@gmail.com
Andree,Kosey,Andree.Kosey@gmail.com
Justinn,Carvey,Justinn.Carvey@gmail.com
Ada,Hortensia,Ada.Hortensia@gmail.com
Glenda,Terencio,Glenda.Terencio@gmail.com
Suzette,Donoghue,Suzette.Donoghue@gmail.com
Lelah,Brackely,Lelah.Brackely@gmail.com
Yolane,Erb,Yolane.Erb@gmail.com
Helsa,Melan,Helsa.Melan@gmail.com
Joane,Sheng,Joane.Sheng@gmail.com
Devina,Ummersen,Devina.Ummersen@gmail.com
Tera,Donell,Tera.Donell@gmail.com
Zondra,Garlinda,Zondra.Garlinda@gmail.com
Margette,Amand,Margette.Amand@gmail.com
Yolane,Edmund,Yolane.Edmund@gmail.com
Rozele,Bord,Rozele.Bord@gmail.com
Lorne,Maiah,Lorne.Maiah@gmail.com
Adore,Ricki,Adore.Ricki@gmail.com
Siana,Zina,Siana.Zina@gmail.com
Susan,Schlosser,Susan.Schlosser@gmail.com
Carmela,Ferrell,Carmela.Ferrell@gmail.com
Aubrie,Margarete,Aubrie.Margarete@gmail.com
Harmonia,Sammons,Harmonia.Sammons@gmail.com
Merle,Elephus,Merle.Elephus@gmail.com
Courtnay,Ioab,Courtnay.Ioab@gmail.com
Loree,Kat,Loree.Kat@gmail.com
Myrtice,Regan,Myrtice.Regan@gmail.com
Dacia,Lacombe,Dacia.Lacombe@gmail.com
Louella,Bohlin,Louella.Bohlin@gmail.com
Kary,Darian,Kary.Darian@gmail.com
Meriel,Jarib,Meriel.Jarib@gmail.com
Johna,Lauraine,Johna.Lauraine@gmail.com
Amii,Rugen,Amii.Rugen@gmail.com
Fernande,Adamsen,Fernande.Adamsen@gmail.com
Sam,Niles,Sam.Niles@gmail.com
Jessamyn,Anyah,Jessamyn.Anyah@gmail.com
Kerrin,Moseley,Kerrin.Moseley@gmail.com
Nollie,Honoria,Nollie.Honoria@gmail.com
Raina,Carolin,Raina.Carolin@gmail.com
Alyda,Mata,Alyda.Mata@gmail.com
Rhoda,Faria,Rhoda.Faria@gmail.com
Elbertina,Colyer,Elbertina.Colyer@gmail.com
Candi,Kermit,Candi.Kermit@gmail.com
Rosabelle,Emmy,Rosabelle.Emmy@gmail.com
Pierette,Orelee,Pierette.Orelee@gmail.com
Karly,Lynn,Karly.Lynn@gmail.com
Marleah,Martsen,Marleah.Martsen@gmail.com
Deirdre,Dunkin,Deirdre.Dunkin@gmail.com
Jinny,Lunsford,Jinny.Lunsford@gmail.com
Blondelle,Buttaro,Blondelle.Buttaro@gmail.com
Sashenka,Dawkins,Sashenka.Dawkins@gmail.com
Alex,Germann,Alex.Germann@gmail.com
Amii,Carmena,Amii.Carmena@gmail.com
Rosabelle,Aldric,Rosabelle.Aldric@gmail.com
Reeba,Tacye,Reeba.Tacye@gmail.com
Viviene,Minetta,Viviene.Minetta@gmail.com
Jasmina,Ioab,Jasmina.Ioab@gmail.com
Adriana,Sacken,Adriana.Sacken@gmail.com
Tilly,Rustice,Tilly.Rustice@gmail.com
Janis,Zitvaa,Janis.Zitvaa@gmail.com
Coral,Gunn,Coral.Gunn@gmail.com
Lexine,Papageno,Lexine.Papageno@gmail.com
Myrtice,Darbie,Myrtice.Darbie@gmail.com
Bill,Maples,Bill.Maples@gmail.com
Kenna,Hoenack,Kenna.Hoenack@gmail.com
Margette,Shaddock,Margette.Shaddock@gmail.com
Janis,Breed,Janis.Breed@gmail.com
Damaris,Graig,Damaris.Graig@gmail.com
Danika,Byrne,Danika.Byrne@gmail.com
Karly,Giule,Karly.Giule@gmail.com
Misha,Kellby,Misha.Kellby@gmail.com
Jennica,Tremayne,Jennica.Tremayne@gmail.com
Queenie,Cristi,Queenie.Cristi@gmail.com
Joeann,Helve,Joeann.Helve@gmail.com
Mary,Hillel,Mary.Hillel@gmail.com
Cherilyn,Alrich,Cherilyn.Alrich@gmail.com
Shauna,Scammon,Shauna.Scammon@gmail.com
Joceline,Anestassia,Joceline.Anestassia@gmail.com
Codie,Fontana,Codie.Fontana@gmail.com
Alameda,Adamsen,Alameda.Adamsen@gmail.com
Dennie,Rooney,Dennie.Rooney@gmail.com
Johna,Erskine,Johna.Erskine@gmail.com
Sonni,Ball,Sonni.Ball@gmail.com
Elvira,Buttaro,Elvira.Buttaro@gmail.com
Ginnie,Bandeen,Ginnie.Bandeen@gmail.com
Leona,Hilbert,Leona.Hilbert@gmail.com
Mamie,Stoller,Mamie.Stoller@gmail.com
Barbi,Stefa,Barbi.Stefa@gmail.com
Sabina,Weide,Sabina.Weide@gmail.com
Netty,Estella,Netty.Estella@gmail.com
Georgina,Eliathas,Georgina.Eliathas@gmail.com
Gloria,Whittaker,Gloria.Whittaker@gmail.com
Mariann,Cloris,Mariann.Cloris@gmail.com
Neila,Gino,Neila.Gino@gmail.com
Madalyn,McAdams,Madalyn.McAdams@gmail.com
Fredericka,Wesle,Fredericka.Wesle@gmail.com
Addia,Alrich,Addia.Alrich@gmail.com
Morganica,Magdalen,Morganica.Magdalen@gmail.com
Teriann,Neva,Teriann.Neva@gmail.com
Konstance,Khorma,Konstance.Khorma@gmail.com
Claudina,Colp,Claudina.Colp@gmail.com
Kristina,Muriel,Kristina.Muriel@gmail.com
Laurene,Ralfston,Laurene.Ralfston@gmail.com
Kathy,Seumas,Kathy.Seumas@gmail.com
Kristina,Olin,Kristina.Olin@gmail.com
Blake,Warthman,Blake.Warthman@gmail.com
Lesly,Harriman,Lesly.Harriman@gmail.com
Almeta,Elvyn,Almeta.Elvyn@gmail.com
Nataline,Rustice,Nataline.Rustice@gmail.com
Elfreda,Trinetta,Elfreda.Trinetta@gmail.com
Gertrud,Jotham,Gertrud.Jotham@gmail.com
Lita,Wenda,Lita.Wenda@gmail.com
Jacenta,Cloris,Jacenta.Cloris@gmail.com
Leontine,Fennessy,Leontine.Fennessy@gmail.com
Aubrie,Neils,Aubrie.Neils@gmail.com
Rani,Valerio,Rani.Valerio@gmail.com
Cyndie,Goode,Cyndie.Goode@gmail.com
Jordan,Brian,Jordan.Brian@gmail.com
Jenda,Bouchard,Jenda.Bouchard@gmail.com
Jaclyn,Vilma,Jaclyn.Vilma@gmail.com
Constance,Ruvolo,Constance.Ruvolo@gmail.com
Luci,Nerita,Luci.Nerita@gmail.com
Kylynn,Ophelia,Kylynn.Ophelia@gmail.com
Merci,Olnee,Merci.Olnee@gmail.com
Fina,Sekofski,Fina.Sekofski@gmail.com
Dede,Sacken,Dede.Sacken@gmail.com
Marsiella,Keily,Marsiella.Keily@gmail.com
Inga,MacIntosh,Inga.MacIntosh@gmail.com
Sharlene,Nahum,Sharlene.Nahum@gmail.com
Georgina,Cordi,Georgina.Cordi@gmail.com
Lulita,Chick,Lulita.Chick@gmail.com
Janeczka,Pearse,Janeczka.Pearse@gmail.com
Evaleen,Cosenza,Evaleen.Cosenza@gmail.com
Carree,Mott,Carree.Mott@gmail.com
Joeann,Grayce,Joeann.Grayce@gmail.com
Babita,Junie,Babita.Junie@gmail.com
Roseline,McCutcheon,Roseline.McCutcheon@gmail.com
Emmey,Rosette,Emmey.Rosette@gmail.com
Sabina,Rugen,Sabina.Rugen@gmail.com
Phylis,Leary,Phylis.Leary@gmail.com
Silvana,Joachim,Silvana.Joachim@gmail.com
Carmela,Iiette,Carmela.Iiette@gmail.com
Wanda,Velick,Wanda.Velick@gmail.com
Jsandye,Nedrud,Jsandye.Nedrud@gmail.com
Lorne,Edee,Lorne.Edee@gmail.com
Gavrielle,Mott,Gavrielle.Mott@gmail.com
Aubrie,Estella,Aubrie.Estella@gmail.com
Di,Carlson,Di.Carlson@gmail.com
Olwen,Crudden,Olwen.Crudden@gmail.com
Lauryn,Jehu,Lauryn.Jehu@gmail.com
Marguerite,Kylander,Marguerite.Kylander@gmail.com
Bertine,Brieta,Bertine.Brieta@gmail.com
Sam,Matthew,Sam.Matthew@gmail.com
Perry,Horan,Perry.Horan@gmail.com
Ana,Firmin,Ana.Firmin@gmail.com
Gusty,Zetta,Gusty.Zetta@gmail.com
Kary,Stephie,Kary.Stephie@gmail.com
Nanete,Prouty,Nanete.Prouty@gmail.com
Katharina,Valerio,Katharina.Valerio@gmail.com
Frieda,Saree,Frieda.Saree@gmail.com
Viviene,Stevy,Viviene.Stevy@gmail.com
Ariela,Wooster,Ariela.Wooster@gmail.com
Shauna,Edmund,Shauna.Edmund@gmail.com
Joceline,Bord,Joceline.Bord@gmail.com
Cordi,Borrell,Cordi.Borrell@gmail.com
Claudina,Darrell,Claudina.Darrell@gmail.com
Tami,Kristi,Tami.Kristi@gmail.com
Lanna,Chem,Lanna.Chem@gmail.com
Perry,Publia,Perry.Publia@gmail.com
Oralee,Helve,Oralee.Helve@gmail.com
Mildrid,Sholley,Mildrid.Sholley@gmail.com
Bibby,Wadell,Bibby.Wadell@gmail.com
Mignon,Saunderson,Mignon.Saunderson@gmail.com
Iseabal,Rodmann,Iseabal.Rodmann@gmail.com
Emmey,Gualtiero,Emmey.Gualtiero@gmail.com
Alleen,Zachary,Alleen.Zachary@gmail.com
Malina,Artie,Malina.Artie@gmail.com
Natka,Wu,Natka.Wu@gmail.com
Debee,Auberbach,Debee.Auberbach@gmail.com
Wileen,Nedrud,Wileen.Nedrud@gmail.com
Justinn,Pattin,Justinn.Pattin@gmail.com
Dorothy,Louanna,Dorothy.Louanna@gmail.com
Sadie,Alfons,Sadie.Alfons@gmail.com
Donetta,Bendick,Donetta.Bendick@gmail.com
Roz,Maribeth,Roz.Maribeth@gmail.com
Marcelline,Friede,Marcelline.Friede@gmail.com
Lanna,Sacken,Lanna.Sacken@gmail.com
Augustine,Norrie,Augustine.Norrie@gmail.com
Luci,Shanley,Luci.Shanley@gmail.com
Kate,Hepsibah,Kate.Hepsibah@gmail.com
Emma,Bendick,Emma.Bendick@gmail.com
Mathilda,Center,Mathilda.Center@gmail.com
Gertrud,Prouty,Gertrud.Prouty@gmail.com
Jenda,Elvyn,Jenda.Elvyn@gmail.com
Estell,Maroney,Estell.Maroney@gmail.com
Livvyy,Georgy,Livvyy.Georgy@gmail.com
Danika,Iiette,Danika.Iiette@gmail.com
Ofilia,Serilda,Ofilia.Serilda@gmail.com
Tracey,Michella,Tracey.Michella@gmail.com
Ruthe,Anderea,Ruthe.Anderea@gmail.com
Antonietta,Sherrie,Antonietta.Sherrie@gmail.com
Annaliese,Mayeda,Annaliese.Mayeda@gmail.com
Darci,Donell,Darci.Donell@gmail.com
Melodie,Schroth,Melodie.Schroth@gmail.com
Valeda,Linehan,Valeda.Linehan@gmail.com
Zondra,Haerr,Zondra.Haerr@gmail.com
Desirae,Cordi,Desirae.Cordi@gmail.com
Tracey,Gower,Tracey.Gower@gmail.com
Renie,Alfons,Renie.Alfons@gmail.com
Halette,Hebner,Halette.Hebner@gmail.com
Dolli,Belanger,Dolli.Belanger@gmail.com
Lorie,Kamaria,Lorie.Kamaria@gmail.com
Lisette,Nicoline,Lisette.Nicoline@gmail.com
Karlee,Velick,Karlee.Velick@gmail.com
Ariela,Maurine,Ariela.Maurine@gmail.com
Nadine,Verger,Nadine.Verger@gmail.com
Agnese,Vacuva,Agnese.Vacuva@gmail.com
Agathe,Cornelia,Agathe.Cornelia@gmail.com
Steffane,Imelida,Steffane.Imelida@gmail.com
Brooks,Leifeste,Brooks.Leifeste@gmail.com
Bettine,Wattenberg,Bettine.Wattenberg@gmail.com
Fanny,Doig,Fanny.Doig@gmail.com
Di,An,Di.An@gmail.com
Lyssa,Bury,Lyssa.Bury@gmail.com
Misha,Joachim,Misha.Joachim@gmail.com
Calla,Hubert,Calla.Hubert@gmail.com
Vivia,Stephie,Vivia.Stephie@gmail.com
Fanchon,Bartlett,Fanchon.Bartlett@gmail.com
Jasmina,Bryna,Jasmina.Bryna@gmail.com
Perry,Tryck,Perry.Tryck@gmail.com
Vivia,Klotz,Vivia.Klotz@gmail.com
Lindie,Abram,Lindie.Abram@gmail.com
Carol-Jean,Orelee,Carol-Jean.Orelee@gmail.com
Maud,Suanne,Maud.Suanne@gmail.com
Jolyn,Bivins,Jolyn.Bivins@gmail.com
Jeanna,Kevon,Jeanna.Kevon@gmail.com
Lorie,Adalbert,Lorie.Adalbert@gmail.com
Morganica,Sharl,Morganica.Sharl@gmail.com
Lacie,Silvan,Lacie.Silvan@gmail.com
Jacenta,Rhu,Jacenta.Rhu@gmail.com
Paule,Ephrem,Paule.Ephrem@gmail.com
Cecile,Fulmer,Cecile.Fulmer@gmail.com
Arlina,Hutchison,Arlina.Hutchison@gmail.com
Selia,Zina,Selia.Zina@gmail.com
Jessy,Chauncey,Jessy.Chauncey@gmail.com
Alameda,Decato,Alameda.Decato@gmail.com
Rozele,Halla,Rozele.Halla@gmail.com
Agathe,Phaidra,Agathe.Phaidra@gmail.com
Beth,Bertold,Beth.Bertold@gmail.com
Raquela,Calhoun,Raquela.Calhoun@gmail.com
Mureil,Martsen,Mureil.Martsen@gmail.com
Gertrud,Valoniah,Gertrud.Valoniah@gmail.com
Jaime,Aprile,Jaime.Aprile@gmail.com
Tori,Timon,Tori.Timon@gmail.com
Jasmina,Fosque,Jasmina.Fosque@gmail.com
Blinni,Richers,Blinni.Richers@gmail.com
Babita,Warthman,Babita.Warthman@gmail.com
Devina,Diogenes,Devina.Diogenes@gmail.com
Arlena,Keily,Arlena.Keily@gmail.com
Cindelyn,Horan,Cindelyn.Horan@gmail.com
Audrie,Tristram,Audrie.Tristram@gmail.com
Krystle,Baptlsta,Krystle.Baptlsta@gmail.com
Ida,Wooster,Ida.Wooster@gmail.com
Fina,Granoff,Fina.Granoff@gmail.com
Stevana,Leonard,Stevana.Leonard@gmail.com
Dale,Ralfston,Dale.Ralfston@gmail.com
Linet,Abram,Linet.Abram@gmail.com
Raina,Danby,Raina.Danby@gmail.com
Janeczka,Alrich,Janeczka.Alrich@gmail.com
Ashlee,Bates,Ashlee.Bates@gmail.com
Vivia,Giff,Vivia.Giff@gmail.com
Lexine,Ries,Lexine.Ries@gmail.com
Ottilie,Macey,Ottilie.Macey@gmail.com
Rosanne,Ferino,Rosanne.Ferino@gmail.com
Pearline,Braun,Pearline.Braun@gmail.com
Wynne,Sigfrid,Wynne.Sigfrid@gmail.com
Blake,Torray,Blake.Torray@gmail.com
Lila,Greenwald,Lila.Greenwald@gmail.com
Melina,Zrike,Melina.Zrike@gmail.com
Keelia,Hartnett,Keelia.Hartnett@gmail.com
Micheline,Georas,Micheline.Georas@gmail.com
Dominga,Ramona,Dominga.Ramona@gmail.com
Brooks,Noelyn,Brooks.Noelyn@gmail.com
Konstance,Hathaway,Konstance.Hathaway@gmail.com
Emylee,Sholley,Emylee.Sholley@gmail.com
Merrie,Autrey,Merrie.Autrey@gmail.com
Christal,Raseda,Christal.Raseda@gmail.com
Aimil,Calhoun,Aimil.Calhoun@gmail.com
Kristina,Stoller,Kristina.Stoller@gmail.com
Karlee,Shaver,Karlee.Shaver@gmail.com
Aaren,Keily,Aaren.Keily@gmail.com
Andeee,Love,Andeee.Love@gmail.com
Krystle,Erb,Krystle.Erb@gmail.com
Emelina,Evangelia,Emelina.Evangelia@gmail.com
Kathi,Pascia,Kathi.Pascia@gmail.com
Joane,Goerke,Joane.Goerke@gmail.com
Elsie,Brittani,Elsie.Brittani@gmail.com
Joane,Argus,Joane.Argus@gmail.com
Annecorinne,Jalbert,Annecorinne.Jalbert@gmail.com
Cacilie,Keelia,Cacilie.Keelia@gmail.com
Valera,Jacobah,Valera.Jacobah@gmail.com
Leanna,Sprage,Leanna.Sprage@gmail.com
June,Annice,June.Annice@gmail.com
Tersina,Avi,Tersina.Avi@gmail.com
Kathy,Cosenza,Kathy.Cosenza@gmail.com
Margalo,Erskine,Margalo.Erskine@gmail.com
Jackie,Sikorski,Jackie.Sikorski@gmail.com
Fanny,Wyn,Fanny.Wyn@gmail.com
Aeriela,Hedve,Aeriela.Hedve@gmail.com
Emylee,Dannye,Emylee.Dannye@gmail.com
Annecorinne,Colleen,Annecorinne.Colleen@gmail.com
Shaine,Chaing,Shaine.Chaing@gmail.com
Genovera,Toor,Genovera.Toor@gmail.com
Madeleine,Munn,Madeleine.Munn@gmail.com
Shaine,Kalinda,Shaine.Kalinda@gmail.com
Hermione,Wesle,Hermione.Wesle@gmail.com
Kirbee,Liebermann,Kirbee.Liebermann@gmail.com
Janenna,McAdams,Janenna.McAdams@gmail.com
Nollie,Rogerio,Nollie.Rogerio@gmail.com
Berget,Elsinore,Berget.Elsinore@gmail.com
Andeee,Eliathas,Andeee.Eliathas@gmail.com
Brena,Evangelia,Brena.Evangelia@gmail.com
Rhoda,Idelia,Rhoda.Idelia@gmail.com
Gerrie,Nea,Gerrie.Nea@gmail.com
Cyndie,Alisia,Cyndie.Alisia@gmail.com
Stephanie,Yuille,Stephanie.Yuille@gmail.com
Max,O'Carroll,Max.O'Carroll@gmail.com
Sonni,Gregrory,Sonni.Gregrory@gmail.com
Allis,Wildermuth,Allis.Wildermuth@gmail.com
Beatriz,Wind,Beatriz.Wind@gmail.com
Jaime,Ramona,Jaime.Ramona@gmail.com
Lynnea,Dosia,Lynnea.Dosia@gmail.com
Dianemarie,Naashom,Dianemarie.Naashom@gmail.com
Doro,Moina,Doro.Moina@gmail.com
Dede,Bashemeth,Dede.Bashemeth@gmail.com
Cissiee,Haymes,Cissiee.Haymes@gmail.com
Annice,Goddard,Annice.Goddard@gmail.com
Frances,Byrne,Frances.Byrne@gmail.com
Courtnay,Urania,Courtnay.Urania@gmail.com
Kristina,Bury,Kristina.Bury@gmail.com
Minne,Roche,Minne.Roche@gmail.com
Jan,Hilbert,Jan.Hilbert@gmail.com
Fidelia,Goode,Fidelia.Goode@gmail.com
Candy,Clarissa,Candy.Clarissa@gmail.com
Evaleen,Reidar,Evaleen.Reidar@gmail.com
Sharlene,Anis,Sharlene.Anis@gmail.com
Robinia,Ricarda,Robinia.Ricarda@gmail.com
Leanna,Chabot,Leanna.Chabot@gmail.com
Joceline,Nikaniki,Joceline.Nikaniki@gmail.com
Halette,Sidonius,Halette.Sidonius@gmail.com
Bill,Dex,Bill.Dex@gmail.com
Cam,Cottle,Cam.Cottle@gmail.com
Meriel,Crudden,Meriel.Crudden@gmail.com
Norine,Raul,Norine.Raul@gmail.com
Marjie,Elephus,Marjie.Elephus@gmail.com
Barbi,Septima,Barbi.Septima@gmail.com
Veda,Diogenes,Veda.Diogenes@gmail.com
Willetta,Gower,Willetta.Gower@gmail.com
Theodora,Cristi,Theodora.Cristi@gmail.com
Layla,Mayeda,Layla.Mayeda@gmail.com
Zaria,Thornburg,Zaria.Thornburg@gmail.com
Patricia,Alabaster,Patricia.Alabaster@gmail.com
Marline,Atcliffe,Marline.Atcliffe@gmail.com
Coral,Eldrid,Coral.Eldrid@gmail.com
Elfreda,Ferrell,Elfreda.Ferrell@gmail.com
Joane,Prouty,Joane.Prouty@gmail.com
Hannis,Stav,Hannis.Stav@gmail.com
Diena,Bluh,Diena.Bluh@gmail.com
Shauna,Holtz,Shauna.Holtz@gmail.com
Ariela,Tybald,Ariela.Tybald@gmail.com
Sonni,Gherardo,Sonni.Gherardo@gmail.com
Kary,Frodi,Kary.Frodi@gmail.com
Marcy,Curren,Marcy.Curren@gmail.com
Ardeen,Thilda,Ardeen.Thilda@gmail.com
Cherilyn,Rosette,Cherilyn.Rosette@gmail.com
Fayre,Helfand,Fayre.Helfand@gmail.com
Queenie,Dielu,Queenie.Dielu@gmail.com
Joelly,Boycey,Joelly.Boycey@gmail.com
Hallie,Zina,Hallie.Zina@gmail.com
Hildegaard,Martguerita,Hildegaard.Martguerita@gmail.com
Chloris,Gaal,Chloris.Gaal@gmail.com
Goldie,Phi,Goldie.Phi@gmail.com
Carolina,Dorcy,Carolina.Dorcy@gmail.com
Yolane,Baylor,Yolane.Baylor@gmail.com
Hayley,Kannry,Hayley.Kannry@gmail.com
Antonietta,Han,Antonietta.Han@gmail.com
Ardys,Maxi,Ardys.Maxi@gmail.com
Wanda,Florina,Wanda.Florina@gmail.com
Cherilyn,Emmaline,Cherilyn.Emmaline@gmail.com
Vita,Ackerley,Vita.Ackerley@gmail.com
Asia,Bergman,Asia.Bergman@gmail.com
Tabbatha,Fontana,Tabbatha.Fontana@gmail.com
Rosaline,Edee,Rosaline.Edee@gmail.com
Rhea,Anyah,Rhea.Anyah@gmail.com
Sarette,Presber,Sarette.Presber@gmail.com
Joeann,Loleta,Joeann.Loleta@gmail.com
Georgetta,Sherfield,Georgetta.Sherfield@gmail.com
Josephine,Erminia,Josephine.Erminia@gmail.com
Shandie,Lane,Shandie.Lane@gmail.com
Almeta,Agle,Almeta.Agle@gmail.com
Theodora,Merat,Theodora.Merat@gmail.com
Carlie,Stuart,Carlie.Stuart@gmail.com
Daphne,Naor,Daphne.Naor@gmail.com
Rhea,Lattie,Rhea.Lattie@gmail.com
Dolli,Vale,Dolli.Vale@gmail.com
Tani,Hull,Tani.Hull@gmail.com
Karina,Bohlin,Karina.Bohlin@gmail.com
Wilma,Cimbura,Wilma.Cimbura@gmail.com
Kaia,Zuzana,Kaia.Zuzana@gmail.com
Myrtice,Caitlin,Myrtice.Caitlin@gmail.com
Ketti,Schwejda,Ketti.Schwejda@gmail.com
Hollie,Cimbura,Hollie.Cimbura@gmail.com
Belinda,Clarissa,Belinda.Clarissa@gmail.com
Catrina,Junie,Catrina.Junie@gmail.com
Devina,Nicoline,Devina.Nicoline@gmail.com
Aubrie,Poppy,Aubrie.Poppy@gmail.com
Minne,Andrel,Minne.Andrel@gmail.com
Modestia,Susannah,Modestia.Susannah@gmail.com
Patricia,Gordon,Patricia.Gordon@gmail.com
Joane,Presber,Joane.Presber@gmail.com
Winny,Swigart,Winny.Swigart@gmail.com
Annaliese,Whiffen,Annaliese.Whiffen@gmail.com
Rozele,Thornburg,Rozele.Thornburg@gmail.com
Georgina,Lauraine,Georgina.Lauraine@gmail.com
Silvana,Armanda,Silvana.Armanda@gmail.com
Lisette,Sacken,Lisette.Sacken@gmail.com
Dacia,Ethban,Dacia.Ethban@gmail.com
Ayn,Shields,Ayn.Shields@gmail.com
Noelle,Cath,Noelle.Cath@gmail.com
Claresta,Justinn,Claresta.Justinn@gmail.com
Lita,Janith,Lita.Janith@gmail.com
Jan,Podvin,Jan.Podvin@gmail.com
Ofilia,Lipson,Ofilia.Lipson@gmail.com
Rosabelle,Gunn,Rosabelle.Gunn@gmail.com
Amalie,Dorothy,Amalie.Dorothy@gmail.com
Dode,Boehike,Dode.Boehike@gmail.com
Flo,Dosia,Flo.Dosia@gmail.com
Odessa,Skell,Odessa.Skell@gmail.com
Loree,Niccolo,Loree.Niccolo@gmail.com
Ashlee,Delacourt,Ashlee.Delacourt@gmail.com
Ira,Lay,Ira.Lay@gmail.com
Edee,Arathorn,Edee.Arathorn@gmail.com
Krystle,Roxanna,Krystle.Roxanna@gmail.com
Minda,Weitman,Minda.Weitman@gmail.com
Kellen,Nester,Kellen.Nester@gmail.com
Joy,An,Joy.An@gmail.com
Roslyn,Jefferey,Roslyn.Jefferey@gmail.com
Belva,McClimans,Belva.McClimans@gmail.com
Eolanda,Huggins,Eolanda.Huggins@gmail.com
Alyssa,Darrell,Alyssa.Darrell@gmail.com
Daune,Lenny,Daune.Lenny@gmail.com
Augustine,Alexandr,Augustine.Alexandr@gmail.com
Annora,Leonard,Annora.Leonard@gmail.com
Wynne,Tayib,Wynne.Tayib@gmail.com
Laurene,Zetta,Laurene.Zetta@gmail.com
Madalyn,Katrine,Madalyn.Katrine@gmail.com
Selia,Granoff,Selia.Granoff@gmail.com
Latisha,Rad,Latisha.Rad@gmail.com
Gaylene,Alexandr,Gaylene.Alexandr@gmail.com
Nita,Bonilla,Nita.Bonilla@gmail.com
Mallory,Tice,Mallory.Tice@gmail.com
Carmela,Hylan,Carmela.Hylan@gmail.com
Nerta,Ashok,Nerta.Ashok@gmail.com
Jan,Lipson,Jan.Lipson@gmail.com
Rochette,Byrne,Rochette.Byrne@gmail.com
Miquela,Maples,Miquela.Maples@gmail.com
Fernande,Borrell,Fernande.Borrell@gmail.com
Merci,Rozanna,Merci.Rozanna@gmail.com
Calla,Louanna,Calla.Louanna@gmail.com
Stacey,Concha,Stacey.Concha@gmail.com
Yvonne,Bonilla,Yvonne.Bonilla@gmail.com
Kary,Hoban,Kary.Hoban@gmail.com
Arabel,Connelly,Arabel.Connelly@gmail.com
Vita,Curren,Vita.Curren@gmail.com
Dolli,Laurianne,Dolli.Laurianne@gmail.com
Kary,Huggins,Kary.Huggins@gmail.com
Tierney,Sidonius,Tierney.Sidonius@gmail.com
Paola,Malina,Paola.Malina@gmail.com
Luci,Faso,Luci.Faso@gmail.com
Cherilyn,Sherrie,Cherilyn.Sherrie@gmail.com
Nataline,Nester,Nataline.Nester@gmail.com
Clary,Chauncey,Clary.Chauncey@gmail.com
Raf,August,Raf.August@gmail.com
Celestyna,Garlinda,Celestyna.Garlinda@gmail.com
Mignon,Ehrman,Mignon.Ehrman@gmail.com
Nollie,Fleeta,Nollie.Fleeta@gmail.com
Deirdre,Bobbee,Deirdre.Bobbee@gmail.com
Ann-Marie,Cressida,Ann-Marie.Cressida@gmail.com
Ericka,Tristram,Ericka.Tristram@gmail.com
Petronia,Ledah,Petronia.Ledah@gmail.com
Sean,Prober,Sean.Prober@gmail.com
Blinni,Wu,Blinni.Wu@gmail.com
Debee,Vary,Debee.Vary@gmail.com
Amara,Weinreb,Amara.Weinreb@gmail.com
Merry,Lemuela,Merry.Lemuela@gmail.com
Loree,Docilla,Loree.Docilla@gmail.com
Fredericka,Prouty,Fredericka.Prouty@gmail.com
Rhea,Durware,Rhea.Durware@gmail.com
Kore,Denis,Kore.Denis@gmail.com
Jorry,Ogren,Jorry.Ogren@gmail.com
Bettine,Lindemann,Bettine.Lindemann@gmail.com
Aryn,Rogerio,Aryn.Rogerio@gmail.com
Nonnah,Norvol,Nonnah.Norvol@gmail.com
Myriam,Aprile,Myriam.Aprile@gmail.com
Agathe,Othilia,Agathe.Othilia@gmail.com
Caryl,Means,Caryl.Means@gmail.com
Tobe,Erlandson,Tobe.Erlandson@gmail.com
Moyna,Mich,Moyna.Mich@gmail.com
Kerrin,Bandeen,Kerrin.Bandeen@gmail.com
Sadie,Kussell,Sadie.Kussell@gmail.com
Jillayne,Poppy,Jillayne.Poppy@gmail.com
Carree,Shelba,Carree.Shelba@gmail.com
Joelly,Brotherson,Joelly.Brotherson@gmail.com
Max,Juan,Max.Juan@gmail.com
Lily,Henebry,Lily.Henebry@gmail.com
Clarice,Shaddock,Clarice.Shaddock@gmail.com
Annaliese,Sandye,Annaliese.Sandye@gmail.com
Amalie,Himelman,Amalie.Himelman@gmail.com
Christian,Sammons,Christian.Sammons@gmail.com
Ingrid,Cadmar,Ingrid.Cadmar@gmail.com
Rivalee,Selway,Rivalee.Selway@gmail.com
Jackie,Ephrem,Jackie.Ephrem@gmail.com
Rivalee,Neva,Rivalee.Neva@gmail.com
Mariele,Martsen,Mariele.Martsen@gmail.com
Sybille,Erskine,Sybille.Erskine@gmail.com
Kore,Wesle,Kore.Wesle@gmail.com
Charlena,Gamaliel,Charlena.Gamaliel@gmail.com
Jan,Paton,Jan.Paton@gmail.com
Codie,Hollingsworth,Codie.Hollingsworth@gmail.com
Clementine,Belldas,Clementine.Belldas@gmail.com
Amii,Boycey,Amii.Boycey@gmail.com
Latisha,Oscar,Latisha.Oscar@gmail.com
Loree,Peonir,Loree.Peonir@gmail.com
Wendi,Glovsky,Wendi.Glovsky@gmail.com
Brianna,Casimir,Brianna.Casimir@gmail.com
Flory,Afton,Flory.Afton@gmail.com
Collen,Graig,Collen.Graig@gmail.com
Pollyanna,Si,Pollyanna.Si@gmail.com
Libbie,Edmund,Libbie.Edmund@gmail.com
Korrie,Crudden,Korrie.Crudden@gmail.com
Augustine,Izaak,Augustine.Izaak@gmail.com
Ricky,August,Ricky.August@gmail.com
Marika,Reinke,Marika.Reinke@gmail.com
Josephine,Jobi,Josephine.Jobi@gmail.com
Blinni,Briney,Blinni.Briney@gmail.com
Oona,Merna,Oona.Merna@gmail.com
Marnia,Carmena,Marnia.Carmena@gmail.com
Renae,Keelia,Renae.Keelia@gmail.com
Blondelle,Odysseus,Blondelle.Odysseus@gmail.com
Elise,Margarete,Elise.Margarete@gmail.com
Lilith,Wesle,Lilith.Wesle@gmail.com
Carlie,Adalbert,Carlie.Adalbert@gmail.com
Clo,Macey,Clo.Macey@gmail.com
Olivette,Corilla,Olivette.Corilla@gmail.com
Elyssa,Fontana,Elyssa.Fontana@gmail.com
Roseline,Stuart,Roseline.Stuart@gmail.com
Blondelle,Alrich,Blondelle.Alrich@gmail.com
Daryl,Knowling,Daryl.Knowling@gmail.com
Fanny,Serilda,Fanny.Serilda@gmail.com
Gui,Norvol,Gui.Norvol@gmail.com
Jordan,Haldas,Jordan.Haldas@gmail.com
Carlie,Vilma,Carlie.Vilma@gmail.com
Cindelyn,Teryn,Cindelyn.Teryn@gmail.com
Nataline,Lilas,Nataline.Lilas@gmail.com
Rivalee,Alejoa,Rivalee.Alejoa@gmail.com
Betta,Bearnard,Betta.Bearnard@gmail.com
Penelopa,Sammons,Penelopa.Sammons@gmail.com
Vinita,Anestassia,Vinita.Anestassia@gmail.com
Marcy,Kimmie,Marcy.Kimmie@gmail.com
Mathilda,Raimondo,Mathilda.Raimondo@gmail.com
Mellicent,Socha,Mellicent.Socha@gmail.com
Madeleine,Waite,Madeleine.Waite@gmail.com
Robinia,Buckler,Robinia.Buckler@gmail.com
Lorne,Fry,Lorne.Fry@gmail.com
Nannie,Milde,Nannie.Milde@gmail.com
Paola,Hunfredo,Paola.Hunfredo@gmail.com
Marjie,Bonilla,Marjie.Bonilla@gmail.com
Georgetta,McLaughlin,Georgetta.McLaughlin@gmail.com
Dulce,Vharat,Dulce.Vharat@gmail.com
Georgetta,Weitman,Georgetta.Weitman@gmail.com
Xylina,Rhu,Xylina.Rhu@gmail.com
Lyssa,Magnolia,Lyssa.Magnolia@gmail.com
Vevay,Chandler,Vevay.Chandler@gmail.com
Gilda,Richers,Gilda.Richers@gmail.com
Dorthy,Pernick,Dorthy.Pernick@gmail.com
Allyce,Geffner,Allyce.Geffner@gmail.com
Johna,Ricki,Johna.Ricki@gmail.com
June,Publia,June.Publia@gmail.com
Elbertina,Ricki,Elbertina.Ricki@gmail.com
Basia,Avi,Basia.Avi@gmail.com
Nerta,Hoenack,Nerta.Hoenack@gmail.com
Alie,Ochs,Alie.Ochs@gmail.com
Lita,Fry,Lita.Fry@gmail.com
Sheelagh,Claudine,Sheelagh.Claudine@gmail.com
Fredericka,Laverne,Fredericka.Laverne@gmail.com
Brynna,Judye,Brynna.Judye@gmail.com
Lexine,Idelia,Lexine.Idelia@gmail.com
Caritta,Hailee,Caritta.Hailee@gmail.com
Laure,Holbrook,Laure.Holbrook@gmail.com
Malina,Levey,Malina.Levey@gmail.com
Theodora,Joeann,Theodora.Joeann@gmail.com
Petronia,Earlie,Petronia.Earlie@gmail.com
Angelique,Brian,Angelique.Brian@gmail.com
Selma,Fredi,Selma.Fredi@gmail.com
Lynnea,Rocray,Lynnea.Rocray@gmail.com
Ernesta,Gaynor,Ernesta.Gaynor@gmail.com
Merci,Shama,Merci.Shama@gmail.com
Angelique,Konyn,Angelique.Konyn@gmail.com
Sharlene,Socha,Sharlene.Socha@gmail.com
Donetta,Trey,Donetta.Trey@gmail.com
Gilda,Bach,Gilda.Bach@gmail.com
Natka,Bigner,Natka.Bigner@gmail.com
Margarette,Niles,Margarette.Niles@gmail.com
Dorothy,Kristi,Dorothy.Kristi@gmail.com
Aurore,Kevon,Aurore.Kevon@gmail.com
Hollie,Vary,Hollie.Vary@gmail.com
Beverley,O'Rourke,Beverley.O'Rourke@gmail.com
Regina,Talia,Regina.Talia@gmail.com
Bobinette,Haerr,Bobinette.Haerr@gmail.com
Jillayne,Yusuk,Jillayne.Yusuk@gmail.com
Cyndie,Daegal,Cyndie.Daegal@gmail.com
Jennica,Maryanne,Jennica.Maryanne@gmail.com
Elie,Erskine,Elie.Erskine@gmail.com
Verla,Magdalen,Verla.Magdalen@gmail.com
Lucy,Eugenia,Lucy.Eugenia@gmail.com
Etta,Presber,Etta.Presber@gmail.com
Verla,Johnsson,Verla.Johnsson@gmail.com
Elbertina,Graig,Elbertina.Graig@gmail.com
Rani,Havens,Rani.Havens@gmail.com
Lila,Jammal,Lila.Jammal@gmail.com
Rhoda,Teryn,Rhoda.Teryn@gmail.com
Marguerite,Chapland,Marguerite.Chapland@gmail.com
Goldie,Berard,Goldie.Berard@gmail.com
Heida,Margret,Heida.Margret@gmail.com
Kristan,Annabella,Kristan.Annabella@gmail.com
Jessy,Swigart,Jessy.Swigart@gmail.com
Leontine,Wenda,Leontine.Wenda@gmail.com
Melina,Kare,Melina.Kare@gmail.com
Fred,Kolnick,Fred.Kolnick@gmail.com
Steffane,An,Steffane.An@gmail.com
Nanete,Hailee,Nanete.Hailee@gmail.com
Hyacinthe,Reinke,Hyacinthe.Reinke@gmail.com
Neila,Wittie,Neila.Wittie@gmail.com
Tonia,Salchunas,Tonia.Salchunas@gmail.com
Dorene,Ursulette,Dorene.Ursulette@gmail.com
Barbi,Ahab,Barbi.Ahab@gmail.com
Lory,Roche,Lory.Roche@gmail.com
Marline,Beniamino,Marline.Beniamino@gmail.com
Barbi,Greenwald,Barbi.Greenwald@gmail.com
Charmaine,Kat,Charmaine.Kat@gmail.com
Mara,Leifeste,Mara.Leifeste@gmail.com
Jaime,Wareing,Jaime.Wareing@gmail.com
Tatiania,Sherfield,Tatiania.Sherfield@gmail.com
Candi,Hollingsworth,Candi.Hollingsworth@gmail.com
Lorne,Garrison,Lorne.Garrison@gmail.com
Dorthy,Selway,Dorthy.Selway@gmail.com
Annice,Elo,Annice.Elo@gmail.com
Kirbee,Minetta,Kirbee.Minetta@gmail.com
Deirdre,Corrine,Deirdre.Corrine@gmail.com
Vinita,Joseph,Vinita.Joseph@gmail.com
Katharina,Sinegold,Katharina.Sinegold@gmail.com
Imojean,Hylan,Imojean.Hylan@gmail.com
Myriam,Zola,Myriam.Zola@gmail.com
Christian,Marijo,Christian.Marijo@gmail.com
Meg,Daegal,Meg.Daegal@gmail.com
Madelle,Telfer,Madelle.Telfer@gmail.com
Bibby,Danby,Bibby.Danby@gmail.com
Regina,Karl,Regina.Karl@gmail.com
Jackie,Rooney,Jackie.Rooney@gmail.com
Ketti,Poppy,Ketti.Poppy@gmail.com
Gloria,Guthrie,Gloria.Guthrie@gmail.com
Cissiee,Helfand,Cissiee.Helfand@gmail.com
Flo,Ingra,Flo.Ingra@gmail.com
Addia,Olnee,Addia.Olnee@gmail.com
Lauryn,Halla,Lauryn.Halla@gmail.com
Chloris,Orlene,Chloris.Orlene@gmail.com
Valera,Tamar,Valera.Tamar@gmail.com
Edith,Burkle,Edith.Burkle@gmail.com
Gale,Zrike,Gale.Zrike@gmail.com
Mireielle,Gert,Mireielle.Gert@gmail.com
Charmaine,Killigrew,Charmaine.Killigrew@gmail.com
Cacilie,Tillford,Cacilie.Tillford@gmail.com
Blinni,Tiffa,Blinni.Tiffa@gmail.com
Brynna,Gregrory,Brynna.Gregrory@gmail.com
Lorne,Cullin,Lorne.Cullin@gmail.com
Alex,Byrne,Alex.Byrne@gmail.com
Rosabelle,Dalli,Rosabelle.Dalli@gmail.com
Katharina,Rozanna,Katharina.Rozanna@gmail.com
Yolane,Nance,Yolane.Nance@gmail.com
Danika,Vins,Danika.Vins@gmail.com
Oralee,Chrystel,Oralee.Chrystel@gmail.com
Jean,Carbo,Jean.Carbo@gmail.com
Henriette,Fiester,Henriette.Fiester@gmail.com
Bee,Nahum,Bee.Nahum@gmail.com
Kirbee,Destinee,Kirbee.Destinee@gmail.com
Annaliese,Lea,Annaliese.Lea@gmail.com
Codie,Gerge,Codie.Gerge@gmail.com
Willetta,Gualtiero,Willetta.Gualtiero@gmail.com
Chloris,Kalinda,Chloris.Kalinda@gmail.com
Consuela,Mathilde,Consuela.Mathilde@gmail.com
Georgina,Teddman,Georgina.Teddman@gmail.com
Ardeen,Douglass,Ardeen.Douglass@gmail.com
Nerta,Jarib,Nerta.Jarib@gmail.com
Cissiee,Lewes,Cissiee.Lewes@gmail.com
Trixi,Killigrew,Trixi.Killigrew@gmail.com
Pierette,Land,Pierette.Land@gmail.com
Darlleen,Keelia,Darlleen.Keelia@gmail.com
Sharlene,Wyn,Sharlene.Wyn@gmail.com
Shauna,Ricarda,Shauna.Ricarda@gmail.com
Corry,Brieta,Corry.Brieta@gmail.com
Sabina,Christine,Sabina.Christine@gmail.com
Ingrid,Christal,Ingrid.Christal@gmail.com
Carol-Jean,McCutcheon,Carol-Jean.McCutcheon@gmail.com
Ida,Neils,Ida.Neils@gmail.com
Dyann,Ade,Dyann.Ade@gmail.com
Netty,Jefferey,Netty.Jefferey@gmail.com
Bernardine,Wolfgram,Bernardine.Wolfgram@gmail.com
Moyna,Annice,Moyna.Annice@gmail.com
Kimmy,Bearnard,Kimmy.Bearnard@gmail.com
Maridel,Ogren,Maridel.Ogren@gmail.com
Margalo,Claudine,Margalo.Claudine@gmail.com
Olwen,Harl,Olwen.Harl@gmail.com
Aurore,Gamaliel,Aurore.Gamaliel@gmail.com
Gabi,Hieronymus,Gabi.Hieronymus@gmail.com
Bee,Winnick,Bee.Winnick@gmail.com
Laurene,Curren,Laurene.Curren@gmail.com
Romona,Tacye,Romona.Tacye@gmail.com
Trudie,Bord,Trudie.Bord@gmail.com
Mathilda,Huggins,Mathilda.Huggins@gmail.com
Donetta,Regan,Donetta.Regan@gmail.com
Lorenza,Ackerley,Lorenza.Ackerley@gmail.com
Jolyn,Garrison,Jolyn.Garrison@gmail.com
Valera,Woodberry,Valera.Woodberry@gmail.com
Britte,Kolnick,Britte.Kolnick@gmail.com
Sissy,Saree,Sissy.Saree@gmail.com
Kerrin,Charmine,Kerrin.Charmine@gmail.com
Delilah,Dash,Delilah.Dash@gmail.com
Genevra,Natica,Genevra.Natica@gmail.com
Jany,Clie,Jany.Clie@gmail.com
Vere,Franza,Vere.Franza@gmail.com
Kayla,Bivins,Kayla.Bivins@gmail.com
Magdalena,Jerald,Magdalena.Jerald@gmail.com
Johna,Bashemeth,Johna.Bashemeth@gmail.com
Nita,Bryna,Nita.Bryna@gmail.com
Priscilla,Demitria,Priscilla.Demitria@gmail.com
Layla,Abbot,Layla.Abbot@gmail.com
Belinda,Jammal,Belinda.Jammal@gmail.com
Henriette,McClimans,Henriette.McClimans@gmail.com
June,Haldas,June.Haldas@gmail.com
Julieta,Sinegold,Julieta.Sinegold@gmail.com
Kamilah,Marsden,Kamilah.Marsden@gmail.com
Ida,Delp,Ida.Delp@gmail.com
Dawn,Even,Dawn.Even@gmail.com
Merle,Hazlett,Merle.Hazlett@gmail.com
Shell,Tound,Shell.Tound@gmail.com
Stevana,Bartlett,Stevana.Bartlett@gmail.com
Ada,Japeth,Ada.Japeth@gmail.com
Ketti,Brackely,Ketti.Brackely@gmail.com
Rozele,Nance,Rozele.Nance@gmail.com
Kalina,Hailee,Kalina.Hailee@gmail.com
Amalie,Thilda,Amalie.Thilda@gmail.com
Juliane,Constancy,Juliane.Constancy@gmail.com
Eugine,Means,Eugine.Means@gmail.com
Agnese,Dom,Agnese.Dom@gmail.com
Rori,Joachim,Rori.Joachim@gmail.com
Roseline,Angelis,Roseline.Angelis@gmail.com
Jaime,Fitzsimmons,Jaime.Fitzsimmons@gmail.com
Iseabal,Kamaria,Iseabal.Kamaria@gmail.com
Liana,Gino,Liana.Gino@gmail.com
Alameda,Jacinda,Alameda.Jacinda@gmail.com
Agathe,Middleton,Agathe.Middleton@gmail.com
Adelle,Pozzy,Adelle.Pozzy@gmail.com
Diena,Oriana,Diena.Oriana@gmail.com
Cassandra,Eno,Cassandra.Eno@gmail.com
Roz,Astra,Roz.Astra@gmail.com
Collen,Shirberg,Collen.Shirberg@gmail.com
Tabbatha,Gemini,Tabbatha.Gemini@gmail.com
Emylee,Karl,Emylee.Karl@gmail.com
Sophia,Turne,Sophia.Turne@gmail.com
Brandise,Borrell,Brandise.Borrell@gmail.com
Jemie,Matthew,Jemie.Matthew@gmail.com
Roberta,Ledah,Roberta.Ledah@gmail.com
Ofilia,Scammon,Ofilia.Scammon@gmail.com
Audrie,Randene,Audrie.Randene@gmail.com
Carilyn,Ader,Carilyn.Ader@gmail.com
Melina,Parsaye,Melina.Parsaye@gmail.com
Kaia,Sherfield,Kaia.Sherfield@gmail.com
Elka,Dex,Elka.Dex@gmail.com
Mathilda,Sisile,Mathilda.Sisile@gmail.com
Tera,Adalbert,Tera.Adalbert@gmail.com
Rosaline,O'Neill,Rosaline.O'Neill@gmail.com
Sissy,Mike,Sissy.Mike@gmail.com
Ninnetta,Tristram,Ninnetta.Tristram@gmail.com
Chloris,Genna,Chloris.Genna@gmail.com
Lita,Stilwell,Lita.Stilwell@gmail.com
Cam,Lia,Cam.Lia@gmail.com
Stevana,Allare,Stevana.Allare@gmail.com
Kenna,Goldina,Kenna.Goldina@gmail.com
Helsa,Bendick,Helsa.Bendick@gmail.com
Fawne,Hebner,Fawne.Hebner@gmail.com
Rhoda,Orpah,Rhoda.Orpah@gmail.com
Winny,Kannry,Winny.Kannry@gmail.com
Juliane,Iaverne,Juliane.Iaverne@gmail.com
Asia,Wooster,Asia.Wooster@gmail.com
Nanete,Bury,Nanete.Bury@gmail.com
Darci,Truc,Darci.Truc@gmail.com
Yvonne,Narton,Yvonne.Narton@gmail.com
Krystle,Rodmann,Krystle.Rodmann@gmail.com
Linet,Sigfrid,Linet.Sigfrid@gmail.com
Paola,Bonucci,Paola.Bonucci@gmail.com
Kenna,Teddman,Kenna.Teddman@gmail.com
Gabi,Torray,Gabi.Torray@gmail.com
Alameda,Simmonds,Alameda.Simmonds@gmail.com
Netty,Federica,Netty.Federica@gmail.com
Corina,Ammann,Corina.Ammann@gmail.com
Jenda,Myrilla,Jenda.Myrilla@gmail.com
Delilah,Arquit,Delilah.Arquit@gmail.com
Magdalena,Dituri,Magdalena.Dituri@gmail.com
Lory,Marsden,Lory.Marsden@gmail.com
Mahalia,Nerita,Mahalia.Nerita@gmail.com
Frances,Cosenza,Frances.Cosenza@gmail.com
Elyssa,Shelba,Elyssa.Shelba@gmail.com
Ethel,Alcott,Ethel.Alcott@gmail.com
Lusa,Andrel,Lusa.Andrel@gmail.com
Antonietta,Gaulin,Antonietta.Gaulin@gmail.com
Micheline,Guthrie,Micheline.Guthrie@gmail.com
Jillayne,Matthew,Jillayne.Matthew@gmail.com
Kathi,Norvol,Kathi.Norvol@gmail.com