firstname,lastname,emailDaune,Jammal,Daune.Jammal@gmail.comMaurene,Plato,Maurene.Plato@gmail.comJolyn,Elvyn,Jolyn.Elvyn@gmail.comDarlleen,Zenas,Darlleen.Zenas@gmail.comWinifred,Hunfredo,Winifred.Hunfredo@gmail.comTomasina,Fleeta,Tomasina.Fleeta@gmail.comEolanda,Izaak,Eolanda.Izaak@gmail.comCorene,Kathie,Corene.Kathie@gmail.comTarra,Lipson,Tarra.Lipson@gmail.comAurore,Rooney,Aurore.Rooney@gmail.comAngela,Hutchison,Angela.Hutchison@gmail.comGeorgina,Lilas,Georgina.Lilas@gmail.comGretal,Cavan,Gretal.Cavan@gmail.comEkaterina,Primalia,Ekaterina.Primalia@gmail.comViviene,Pandolfi,Viviene.Pandolfi@gmail.comOrelia,Juliet,Orelia.Juliet@gmail.comMagdalena,Audly,Magdalena.Audly@gmail.comKylynn,Jillane,Kylynn.Jillane@gmail.comMyrtice,Margarete,Myrtice.Margarete@gmail.comKassey,Cleo,Kassey.Cleo@gmail.comDania,Constancy,Dania.Constancy@gmail.comPhedra,Goth,Phedra.Goth@gmail.comJerry,Lacombe,Jerry.Lacombe@gmail.comRonna,Hurley,Ronna.Hurley@gmail.comSara-Ann,Roche,Sara-Ann.Roche@gmail.comClementine,Chauncey,Clementine.Chauncey@gmail.comEmmey,Willie,Emmey.Willie@gmail.comWendi,Naor,Wendi.Naor@gmail.comGavrielle,Dunkin,Gavrielle.Dunkin@gmail.comCyb,Dichy,Cyb.Dichy@gmail.comKylynn,Haldas,Kylynn.Haldas@gmail.comDianemarie,Vharat,Dianemarie.Vharat@gmail.comJan,Slifka,Jan.Slifka@gmail.comMaud,Oscar,Maud.Oscar@gmail.comPaulita,Clywd,Paulita.Clywd@gmail.comChristian,Gerge,Christian.Gerge@gmail.comMary,Berne,Mary.Berne@gmail.comClo,Stelle,Clo.Stelle@gmail.comKirbee,Boycey,Kirbee.Boycey@gmail.comAdore,Kinnard,Adore.Kinnard@gmail.comNo Reward,Description: (None for No Reward),Candi,Hortensia,Candi.Hortensia@gmail.comAna,Kevon,Ana.Kevon@gmail.comCecile,Lay,Cecile.Lay@gmail.comRoxane,Ferino,Roxane.Ferino@gmail.comAili,Dulciana,Aili.Dulciana@gmail.comMady,Fairweather,Mady.Fairweather@gmail.comSybille,Crudden,Sybille.Crudden@gmail.comAdelle,Kress,Adelle.Kress@gmail.comCissiee,Palocz,Cissiee.Palocz@gmail.comMaisey,Anton,Maisey.Anton@gmail.comTiffie,Brotherson,Tiffie.Brotherson@gmail.comAlbertina,Buffum,Albertina.Buffum@gmail.comNelle,Natalia,Nelle.Natalia@gmail.comNariko,Monaco,Nariko.Monaco@gmail.comJaneczka,McNully,Janeczka.McNully@gmail.comBeverley,Sinegold,Beverley.Sinegold@gmail.comGenovera,Schlosser,Genovera.Schlosser@gmail.comLesly,Travax,Lesly.Travax@gmail.comGinnie,Parsaye,Ginnie.Parsaye@gmail.comBenita,Idelia,Benita.Idelia@gmail.comDaryl,Roxanna,Daryl.Roxanna@gmail.comHermione,Saree,Hermione.Saree@gmail.comVeda,Korey,Veda.Korey@gmail.comMarguerite,Dorcy,Marguerite.Dorcy@gmail.comDianemarie,Pandolfi,Dianemarie.Pandolfi@gmail.comKittie,Martsen,Kittie.Martsen@gmail.comKristan,Dowski,Kristan.Dowski@gmail.comCassondra,Riordan,Cassondra.Riordan@gmail.comJacenta,Ries,Jacenta.Ries@gmail.comEricka,Simmonds,Ericka.Simmonds@gmail.comAnnabela,Mich,Annabela.Mich@gmail.comLacie,Hamil,Lacie.Hamil@gmail.comPierette,Pearse,Pierette.Pearse@gmail.comCherilyn,Noam,Cherilyn.Noam@gmail.comElie,Penelopa,Elie.Penelopa@gmail.comMadalyn,Chandler,Madalyn.Chandler@gmail.comChristian,Goth,Christian.Goth@gmail.comIlse,Wiener,Ilse.Wiener@gmail.comArdeen,Devlen,Ardeen.Devlen@gmail.comImojean,Chauncey,Imojean.Chauncey@gmail.com